metric,mean,ci_lo,ci_hi
Spearman,0.6643564219756617,0.5484662682292974,0.7597582977106844
MAE,3.565140747086809,3.2656639968008827,3.856200040971748
PR_AUC,0.6638922726038161,0.508375453319147,0.8026269499929148
