lambda,Spearman,PR_AUC,MAE,RMSE,CSI,TSS,NSE,delta_mass_pct,NSE_depth,alpha_aug,spectral_radius
0.0,0.671010648521893,0.7031838944549965,3.5692387276381132,3.9194367983851635,0.03448275862068847,0.03448275862068847,-3.023540114268851,86.73391266185901,0.7928121612515734,0.001,0.9
0.01,0.671010648521893,0.7031838944549965,3.5692387276381132,3.9194367983851635,0.03448275862068847,0.03448275862068847,-3.023540114268851,86.73391266185901,0.7582142512652812,0.0018102375325494183,0.9
0.05,0.671010648521893,0.7031838944549965,3.5692387276381132,3.9194367983851635,0.03448275862068847,0.03448275862068847,-3.023540114268851,86.73391266185901,0.6835698167829505,0.005051187662747092,0.9
0.1,0.671010648521893,0.7031838944549965,3.5692387276381132,3.9194367983851635,0.03448275862068847,0.03448275862068847,-3.023540114268851,86.73391266185901,0.643359845433815,0.009102375325494183,0.9
0.5,0.671010648521893,0.7031838944549965,3.5692387276381132,3.9194367983851635,0.03448275862068847,0.03448275862068847,-3.023540114268851,86.73391266185901,0.5215503127858432,0.04151187662747091,0.9
1.0,0.671010648521893,0.7031838944549965,3.5692387276381132,3.9194367983851635,0.03448275862068847,0.03448275862068847,-3.023540114268851,86.73391266185901,0.43627262811297063,0.08202375325494182,0.9
5.0,0.671010648521893,0.7031838944549965,3.5692387276381132,3.9194367983851635,0.03448275862068847,0.03448275862068847,-3.023540114268851,86.73391266185901,0.20898480009043874,0.40611876627470916,0.9
