transfer_type,held_out,n_train,n_test,Spearman,PR_AUC,MAE,RMSE,CSI,TSS,NSE,delta_mass_pct,NSE_depth,alpha_aug,spectral_radius
LORO,west_africa_niger_benue,87,73,0.6040845426417478,0.8343909978150916,1.7163257294294931,2.30137696329588,0.10526315789473131,0.10526315789473131,0.22828492895430597,56.10104719606562,-0.6585297900229334,0.011870351505195682,0.9
LORO,east_africa_nile_headwaters,81,96,0.5646461074164433,0.8184359728886927,2.07175939306091,2.876381373013829,0.04166666666666494,0.04166666666666494,-0.26623280897224544,83.56523356372116,0.6876835309132376,0.008283292494350641,0.9
LORO,southern_africa_limpopo_zambezi,86,74,0.42077833959123734,0.5218816844706471,1.3866106549638397,2.0422532054248594,0.0,0.0,-0.25356542809654137,75.9820198398051,0.47843385327066523,0.007944549813984276,0.9
LOYO,2020,120,32,0.5868768328445747,0.757670454545115,3.1825773903460126,3.480609325639695,0.0,0.0,-2.5810592900258738,84.41056397011833,0.652605339228135,0.009102375325494183,0.9
LOYO,2021,120,15,0.6964285714285713,0.59583333333288,3.4813230578596874,3.7499343371509997,0.0,0.0,-4.164072338780009,90.18772475574886,0.4450538376839579,0.009102375325494183,0.9
LOYO,2022,120,25,0.6853846153846154,0.693809523809189,3.3421392207400413,3.8105132517203044,0.14285714285712245,0.14285714285712245,-1.9555831648599207,83.18714485094004,0.7438827205874047,0.009102375325494183,0.9
LOYO,2023,120,21,0.6792207792207793,0.6201058201054975,3.7888679684289253,4.145747794030531,0.0,0.0,-3.9077664399966636,90.88489450137205,0.825644098755278,0.009102375325494183,0.9
LOYO,2024,120,23,0.5197628458498024,0.522771893967269,4.051947862773713,4.342138605708979,0.0,0.0,-4.354930647031337,84.09615167940679,0.4325544321174628,0.009102375325494183,0.9
